<?xml version="1.0" encoding="UTF-8" standalone="yes"?>
<addon id="repository.new" name="[COLOR lime]Mi Repositorio[/COLOR] Repo" version="1.0.0" provider-name="Yo Mismo">
    <extension point="xbmc.addon.repository" name="Mi repositorio">
        <info>https://raw.githubusercontent.com/gojida/nuevesito/master/actual/addons.xml</info>
        <checksum>https://raw.githubusercontent.com/gojida/nuevesito/master/actual/addons.xml.md5</checksum>
        <datadir zip="true">https://dl.dropbox.com/sh/ta1g0wjf5c13ik4/AAC4Ep5PpF3LCT7YpAjUn3uua</datadir>
    </extension>
    <extension point="xbmc.addon.metadata">
        <summary>Repositorio para Mi</summary>
        <description></description>
        <disclaimer></disclaimer>
        <platform>all</platform>
    </extension>
</addon>
